USE DB_VIAJAVA;

-- Usuários
DECLARE @id1 UNIQUEIDENTIFIER = NEWID();
DECLARE @id2 UNIQUEIDENTIFIER = NEWID();
DECLARE @id3 UNIQUEIDENTIFIER = NEWID();
DECLARE @id4 UNIQUEIDENTIFIER = NEWID();
DECLARE @id5 UNIQUEIDENTIFIER = NEWID();
DECLARE @id6 UNIQUEIDENTIFIER = NEWID();
DECLARE @id7 UNIQUEIDENTIFIER = NEWID();

IF NOT EXISTS (SELECT 1 FROM TB_USUARIOS WHERE EMAIL = 'ana@email.com')
INSERT INTO TB_USUARIOS (ID, NOME, EMAIL, SENHA, TELEFONE, DATA_NASC) VALUES
(@id1, 'Ana Silva', 'ana@email.com', 'senha123', '81999990001', '1990-05-10');
IF NOT EXISTS (SELECT 1 FROM TB_USUARIOS WHERE EMAIL = 'carlos@email.com')
INSERT INTO TB_USUARIOS (ID, NOME, EMAIL, SENHA, TELEFONE, DATA_NASC) VALUES
(@id2, 'Carlos Souza', 'carlos@email.com', 'senha456', '81999990002', '1985-03-22');
IF NOT EXISTS (SELECT 1 FROM TB_USUARIOS WHERE EMAIL = 'mariana@email.com')
INSERT INTO TB_USUARIOS (ID, NOME, EMAIL, SENHA, TELEFONE, DATA_NASC) VALUES
(@id3, 'Mariana Lima', 'mariana@email.com', 'senha789', '81999990003', '1992-11-30');
IF NOT EXISTS (SELECT 1 FROM TB_USUARIOS WHERE EMAIL = 'joao@email.com')
INSERT INTO TB_USUARIOS (ID, NOME, EMAIL, SENHA, TELEFONE, DATA_NASC) VALUES
(@id4, 'João Pedro', 'joao@email.com', 'senha321', '81999990004', '1988-06-18');
IF NOT EXISTS (SELECT 1 FROM TB_USUARIOS WHERE EMAIL = 'luciana@email.com')
INSERT INTO TB_USUARIOS (ID, NOME, EMAIL, SENHA, TELEFONE, DATA_NASC) VALUES
(@id5, 'Luciana Alves', 'luciana@email.com', 'senha654', '81999990005', '1987-01-01');
IF NOT EXISTS (SELECT 1 FROM TB_USUARIOS WHERE EMAIL = 'bruno@email.com')
INSERT INTO TB_USUARIOS (ID, NOME, EMAIL, SENHA, TELEFONE, DATA_NASC) VALUES
(@id6, 'Bruno Rocha', 'bruno@email.com', 'senha987', '81999990006', '1991-09-09');
IF NOT EXISTS (SELECT 1 FROM TB_USUARIOS WHERE EMAIL = 'fernanda@email.com')
INSERT INTO TB_USUARIOS (ID, NOME, EMAIL, SENHA, TELEFONE, DATA_NASC) VALUES
(@id7, 'Fernanda Costa', 'fernanda@email.com', 'senhaabc', '81999990007', '1989-04-12');

-- Documentos
DECLARE @doc1 UNIQUEIDENTIFIER = NEWID();
DECLARE @doc2 UNIQUEIDENTIFIER = NEWID();
DECLARE @doc3 UNIQUEIDENTIFIER = NEWID();
DECLARE @doc4 UNIQUEIDENTIFIER = NEWID();
DECLARE @doc5 UNIQUEIDENTIFIER = NEWID();
DECLARE @doc6 UNIQUEIDENTIFIER = NEWID();
DECLARE @doc7 UNIQUEIDENTIFIER = NEWID();

IF NOT EXISTS (SELECT 1 FROM TB_DOCUMENTOS WHERE NUMERO_DOCUMENTO = '12345678900')
INSERT INTO TB_DOCUMENTOS (NUMERO_DOCUMENTO, USUARIO_ID, TIPO_DOCUMENTO) VALUES
('12345678900', @id1, 'CPF');
IF NOT EXISTS (SELECT 1 FROM TB_DOCUMENTOS WHERE NUMERO_DOCUMENTO = '98765432100')
INSERT INTO TB_DOCUMENTOS (NUMERO_DOCUMENTO, USUARIO_ID, TIPO_DOCUMENTO) VALUES
('98765432100', @id2, 'CPF');
IF NOT EXISTS (SELECT 1 FROM TB_DOCUMENTOS WHERE NUMERO_DOCUMENTO = '45678912300')
INSERT INTO TB_DOCUMENTOS (NUMERO_DOCUMENTO, USUARIO_ID, TIPO_DOCUMENTO) VALUES
('45678912300', @id3, 'CPF');
IF NOT EXISTS (SELECT 1 FROM TB_DOCUMENTOS WHERE NUMERO_DOCUMENTO = '11223344556')
INSERT INTO TB_DOCUMENTOS (NUMERO_DOCUMENTO, USUARIO_ID, TIPO_DOCUMENTO) VALUES
('11223344556', @id4, 'CPF');
IF NOT EXISTS (SELECT 1 FROM TB_DOCUMENTOS WHERE NUMERO_DOCUMENTO = '66554433221')
INSERT INTO TB_DOCUMENTOS (NUMERO_DOCUMENTO, USUARIO_ID, TIPO_DOCUMENTO) VALUES
('66554433221', @id5, 'CPF');
IF NOT EXISTS (SELECT 1 FROM TB_DOCUMENTOS WHERE NUMERO_DOCUMENTO = '99887766554')
INSERT INTO TB_DOCUMENTOS (NUMERO_DOCUMENTO, USUARIO_ID, TIPO_DOCUMENTO) VALUES
('99887766554', @id6, 'CPF');
IF NOT EXISTS (SELECT 1 FROM TB_DOCUMENTOS WHERE NUMERO_DOCUMENTO = '33445566778')
INSERT INTO TB_DOCUMENTOS (NUMERO_DOCUMENTO, USUARIO_ID, TIPO_DOCUMENTO) VALUES
('33445566778', @id7, 'CPF');

-- Roles
IF NOT EXISTS (SELECT 1 FROM TB_ROLES WHERE USUARIO_ID = @id1 AND ROLE = 'CLIENTE')
INSERT INTO TB_ROLES (ID, USUARIO_ID, ROLE) VALUES
(NEWID(), @id1, 'CLIENTE');
IF NOT EXISTS (SELECT 1 FROM TB_ROLES WHERE USUARIO_ID = @id2 AND ROLE = 'ADMIN')
INSERT INTO TB_ROLES (ID, USUARIO_ID, ROLE) VALUES
(NEWID(), @id2, 'ADMIN');
IF NOT EXISTS (SELECT 1 FROM TB_ROLES WHERE USUARIO_ID = @id3 AND ROLE = 'CLIENTE')
INSERT INTO TB_ROLES (ID, USUARIO_ID, ROLE) VALUES
(NEWID(), @id3, 'CLIENTE');
IF NOT EXISTS (SELECT 1 FROM TB_ROLES WHERE USUARIO_ID = @id4 AND ROLE = 'CLIENTE')
INSERT INTO TB_ROLES (ID, USUARIO_ID, ROLE) VALUES
(NEWID(), @id4, 'CLIENTE');
IF NOT EXISTS (SELECT 1 FROM TB_ROLES WHERE USUARIO_ID = @id5 AND ROLE = 'CLIENTE')
INSERT INTO TB_ROLES (ID, USUARIO_ID, ROLE) VALUES
(NEWID(), @id5, 'CLIENTE');
IF NOT EXISTS (SELECT 1 FROM TB_ROLES WHERE USUARIO_ID = @id6 AND ROLE = 'CLIENTE')
INSERT INTO TB_ROLES (ID, USUARIO_ID, ROLE) VALUES
(NEWID(), @id6, 'CLIENTE');
IF NOT EXISTS (SELECT 1 FROM TB_ROLES WHERE USUARIO_ID = @id7 AND ROLE = 'CLIENTE')
INSERT INTO TB_ROLES (ID, USUARIO_ID, ROLE) VALUES
(NEWID(), @id7, 'CLIENTE');

-- Pacotes
DECLARE @pac1 UNIQUEIDENTIFIER = NEWID();
DECLARE @pac2 UNIQUEIDENTIFIER = NEWID();
DECLARE @pac3 UNIQUEIDENTIFIER = NEWID();
DECLARE @pac4 UNIQUEIDENTIFIER = NEWID();
DECLARE @pac5 UNIQUEIDENTIFIER = NEWID();

IF NOT EXISTS (SELECT 1 FROM TB_PACOTES WHERE ID = @pac1)
INSERT INTO TB_PACOTES (ID, TITULO, ORIGEM, DESTINO, DESCRICAO, IMAGEM_URL, VALOR, LIMITE_VIAJANTES, DATA_INICIO, DATA_FIM) VALUES
(@pac1, 'Praias do Nordeste', 'Recife', 'Natal', 'Pacote com passeios e hospedagem', NULL, 1500.00, 10, '2025-08-01', '2025-08-07');
IF NOT EXISTS (SELECT 1 FROM TB_PACOTES WHERE ID = @pac2)
INSERT INTO TB_PACOTES (ID, TITULO, ORIGEM, DESTINO, DESCRICAO, IMAGEM_URL, VALOR, LIMITE_VIAJANTES, DATA_INICIO, DATA_FIM) VALUES
(@pac2, 'Serra Gaúcha', 'Porto Alegre', 'Gramado', 'Pacote romântico com fondue', NULL, 2000.00, 5, '2025-09-10', '2025-09-15');
IF NOT EXISTS (SELECT 1 FROM TB_PACOTES WHERE ID = @pac3)
INSERT INTO TB_PACOTES (ID, TITULO, ORIGEM, DESTINO, DESCRICAO, IMAGEM_URL, VALOR, LIMITE_VIAJANTES, DATA_INICIO, DATA_FIM) VALUES
(@pac3, 'Aventura na Amazônia', 'Manaus', 'Floresta Amazônica', 'Trilha e passeio de barco', NULL, 2500.00, 8, '2025-10-05', '2025-10-12');
IF NOT EXISTS (SELECT 1 FROM TB_PACOTES WHERE ID = @pac4)
INSERT INTO TB_PACOTES (ID, TITULO, ORIGEM, DESTINO, DESCRICAO, IMAGEM_URL, VALOR, LIMITE_VIAJANTES, DATA_INICIO, DATA_FIM) VALUES
(@pac4, 'Carnaval no Rio', 'Recife', 'Rio de Janeiro', 'Pacote para o carnaval com camarote', NULL, 3500.00, 15, '2026-02-20', '2026-02-27');
IF NOT EXISTS (SELECT 1 FROM TB_PACOTES WHERE ID = @pac5)
INSERT INTO TB_PACOTES (ID, TITULO, ORIGEM, DESTINO, DESCRICAO, IMAGEM_URL, VALOR, LIMITE_VIAJANTES, DATA_INICIO, DATA_FIM) VALUES
(@pac5, 'Chapada Diamantina', 'Salvador', 'Lençóis', 'Trilhas e cachoeiras na Chapada', NULL, 1800.00, 12, '2025-11-01', '2025-11-07');

-- Reservas
DECLARE @res1 UNIQUEIDENTIFIER = NEWID();
DECLARE @res2 UNIQUEIDENTIFIER = NEWID();
DECLARE @res3 UNIQUEIDENTIFIER = NEWID();
DECLARE @res4 UNIQUEIDENTIFIER = NEWID();
DECLARE @res5 UNIQUEIDENTIFIER = NEWID();

IF NOT EXISTS (SELECT 1 FROM TB_RESERVAS WHERE ID = @res1)
INSERT INTO TB_RESERVAS (ID, USUARIO_ID, PACOTE_ID, VALOR_TOTAL, DATA_VIAGEM) VALUES
(@res1, @id1, @pac1, 3000.00, '2025-08-01');
IF NOT EXISTS (SELECT 1 FROM TB_RESERVAS WHERE ID = @res2)
INSERT INTO TB_RESERVAS (ID, USUARIO_ID, PACOTE_ID, VALOR_TOTAL, DATA_VIAGEM) VALUES
(@res2, @id3, @pac2, 2000.00, '2025-09-10');
IF NOT EXISTS (SELECT 1 FROM TB_RESERVAS WHERE ID = @res3)
INSERT INTO TB_RESERVAS (ID, USUARIO_ID, PACOTE_ID, VALOR_TOTAL, DATA_VIAGEM) VALUES
(@res3, @id4, @pac3, 2500.00, '2025-10-05');
IF NOT EXISTS (SELECT 1 FROM TB_RESERVAS WHERE ID = @res4)
INSERT INTO TB_RESERVAS (ID, USUARIO_ID, PACOTE_ID, VALOR_TOTAL, DATA_VIAGEM) VALUES
(@res4, @id5, @pac4, 7000.00, '2026-02-20');
IF NOT EXISTS (SELECT 1 FROM TB_RESERVAS WHERE ID = @res5)
INSERT INTO TB_RESERVAS (ID, USUARIO_ID, PACOTE_ID, VALOR_TOTAL, DATA_VIAGEM) VALUES
(@res5, @id6, @pac5, 1800.00, '2025-11-01');

-- Pagamentos
IF NOT EXISTS (SELECT 1 FROM TB_PAGAMENTOS WHERE RESERVA_ID = @res1)
INSERT INTO TB_PAGAMENTOS (ID, RESERVA_ID, METODO, VALOR_PAGO, DATA_PAGAMENTO, STATUS_PAGAMENTO) VALUES
(NEWID(), @res1, 'credito', 3000.00, GETDATE(), 'aprovado');
IF NOT EXISTS (SELECT 1 FROM TB_PAGAMENTOS WHERE RESERVA_ID = @res2)
INSERT INTO TB_PAGAMENTOS (ID, RESERVA_ID, METODO, VALOR_PAGO, DATA_PAGAMENTO, STATUS_PAGAMENTO) VALUES
(NEWID(), @res2, 'Pix', 2000.00, GETDATE(), 'aprovado');
IF NOT EXISTS (SELECT 1 FROM TB_PAGAMENTOS WHERE RESERVA_ID = @res3)
INSERT INTO TB_PAGAMENTOS (ID, RESERVA_ID, METODO, VALOR_PAGO, DATA_PAGAMENTO, STATUS_PAGAMENTO) VALUES
(NEWID(), @res3, 'Boleto', 2500.00, GETDATE(), 'aprovado');
IF NOT EXISTS (SELECT 1 FROM TB_PAGAMENTOS WHERE RESERVA_ID = @res4)
INSERT INTO TB_PAGAMENTOS (ID, RESERVA_ID, METODO, VALOR_PAGO, DATA_PAGAMENTO, STATUS_PAGAMENTO) VALUES
(NEWID(), @res4, 'credito', 7000.00, GETDATE(), 'aprovado');
IF NOT EXISTS (SELECT 1 FROM TB_PAGAMENTOS WHERE RESERVA_ID = @res5)
INSERT INTO TB_PAGAMENTOS (ID, RESERVA_ID, METODO, VALOR_PAGO, DATA_PAGAMENTO, STATUS_PAGAMENTO) VALUES
(NEWID(), @res5, 'Pix', 1800.00, GETDATE(), 'aprovado');

-- Viajantes
IF NOT EXISTS (SELECT 1 FROM TB_VIAJANTES WHERE RESERVA_ID = @res1 AND NOME = 'Ana Silva')
INSERT INTO TB_VIAJANTES (ID, RESERVA_ID, NOME, DOCUMENTO, DATA_NASC) VALUES
(NEWID(), @res1, 'Ana Silva', '12345678900', '1990-05-10');
IF NOT EXISTS (SELECT 1 FROM TB_VIAJANTES WHERE RESERVA_ID = @res1 AND NOME = 'João Silva')
INSERT INTO TB_VIAJANTES (ID, RESERVA_ID, NOME, DOCUMENTO, DATA_NASC) VALUES
(NEWID(), @res1, 'João Silva', '32165498700', '2010-07-15');
IF NOT EXISTS (SELECT 1 FROM TB_VIAJANTES WHERE RESERVA_ID = @res2 AND NOME = 'Mariana Lima')
INSERT INTO TB_VIAJANTES (ID, RESERVA_ID, NOME, DOCUMENTO, DATA_NASC) VALUES
(NEWID(), @res2, 'Mariana Lima', '45678912300', '1985-03-22');
IF NOT EXISTS (SELECT 1 FROM TB_VIAJANTES WHERE RESERVA_ID = @res3 AND NOME = 'João Pedro')
INSERT INTO TB_VIAJANTES (ID, RESERVA_ID, NOME, DOCUMENTO, DATA_NASC) VALUES
(NEWID(), @res3, 'João Pedro', '11223344556', '1992-11-30');
IF NOT EXISTS (SELECT 1 FROM TB_VIAJANTES WHERE RESERVA_ID = @res4 AND NOME = 'Luciana Alves')
INSERT INTO TB_VIAJANTES (ID, RESERVA_ID, NOME, DOCUMENTO, DATA_NASC) VALUES
(NEWID(), @res4, 'Luciana Alves', '66554433221', '1988-06-18');
IF NOT EXISTS (SELECT 1 FROM TB_VIAJANTES WHERE RESERVA_ID = @res4 AND NOME = 'Carlos Alves')
INSERT INTO TB_VIAJANTES (ID, RESERVA_ID, NOME, DOCUMENTO, DATA_NASC) VALUES
(NEWID(), @res4, 'Carlos Alves', '99887766554', '1985-04-12');
IF NOT EXISTS (SELECT 1 FROM TB_VIAJANTES WHERE RESERVA_ID = @res5 AND NOME = 'Bruno Rocha')
INSERT INTO TB_VIAJANTES (ID, RESERVA_ID, NOME, DOCUMENTO, DATA_NASC) VALUES
(NEWID(), @res5, 'Bruno Rocha', '99887766554', '1987-01-01');
IF NOT EXISTS (SELECT 1 FROM TB_VIAJANTES WHERE RESERVA_ID = @res5 AND NOME = 'Fernanda Costa')
INSERT INTO TB_VIAJANTES (ID, RESERVA_ID, NOME, DOCUMENTO, DATA_NASC) VALUES
(NEWID(), @res5, 'Fernanda Costa', '33445566778', '1991-09-09');

-- Avaliações
IF NOT EXISTS (SELECT 1 FROM TB_AVALIACOES WHERE RESERVA_ID = @res1)
INSERT INTO TB_AVALIACOES (ID, RESERVA_ID, NOTA, COMENTARIO) VALUES
(NEWID(), @res1, 5, 'Viagem maravilhosa! Tudo perfeito.');
IF NOT EXISTS (SELECT 1 FROM TB_AVALIACOES WHERE RESERVA_ID = @res2)
INSERT INTO TB_AVALIACOES (ID, RESERVA_ID, NOTA, COMENTARIO) VALUES
(NEWID(), @res2, 4, 'Lugar lindo, mas o hotel deixou a desejar.');
IF NOT EXISTS (SELECT 1 FROM TB_AVALIACOES WHERE RESERVA_ID = @res3)
INSERT INTO TB_AVALIACOES (ID, RESERVA_ID, NOTA, COMENTARIO) VALUES
(NEWID(), @res3, 5, 'Experiência incrível na floresta!');
IF NOT EXISTS (SELECT 1 FROM TB_AVALIACOES WHERE RESERVA_ID = @res4)
INSERT INTO TB_AVALIACOES (ID, RESERVA_ID, NOTA, COMENTARIO) VALUES
(NEWID(), @res4, 3, 'Muito caro para o que foi oferecido.');
IF NOT EXISTS (SELECT 1 FROM TB_AVALIACOES WHERE RESERVA_ID = @res5)
INSERT INTO TB_AVALIACOES (ID, RESERVA_ID, NOTA, COMENTARIO) VALUES
(NEWID(), @res5, 4, 'Chapada é linda, mas o guia era inexperiente.');

