USE DB_VIAJAVA;
GO

-- ===================================================================
-- ===== BLOCO ÚNICO DE DECLARAÇÕES DE VARIÁVEIS
-- ===================================================================

-- Variáveis de Usuários (Iniciais + Novos)
DECLARE @userAna UNIQUEIDENTIFIER = ISNULL((SELECT ID FROM TB_USERS WHERE EMAIL = 'ana@email.com'), NEWID());
DECLARE @userCarlos UNIQUEIDENTIFIER = ISNULL((SELECT ID FROM TB_USERS WHERE EMAIL = 'carlos@email.com'), NEWID());
DECLARE @userMariana UNIQUEIDENTIFIER = ISNULL((SELECT ID FROM TB_USERS WHERE EMAIL = 'mariana@email.com'), NEWID());
DECLARE @userJoao UNIQUEIDENTIFIER = ISNULL((SELECT ID FROM TB_USERS WHERE EMAIL = 'joao@email.com'), NEWID());
DECLARE @userLuciana UNIQUEIDENTIFIER = ISNULL((SELECT ID FROM TB_USERS WHERE EMAIL = 'luciana@email.com'), NEWID());
DECLARE @userBruno UNIQUEIDENTIFIER = ISNULL((SELECT ID FROM TB_USERS WHERE EMAIL = 'bruno@email.com'), NEWID());
DECLARE @userFernanda UNIQUEIDENTIFIER = ISNULL((SELECT ID FROM TB_USERS WHERE EMAIL = 'fernanda@email.com'), NEWID());
DECLARE @userRafael UNIQUEIDENTIFIER = ISNULL((SELECT ID FROM TB_USERS WHERE EMAIL = 'rafael@email.com'), NEWID());
DECLARE @userBeatriz UNIQUEIDENTIFIER = ISNULL((SELECT ID FROM TB_USERS WHERE EMAIL = 'beatriz@email.com'), NEWID());
DECLARE @userTiago UNIQUEIDENTIFIER = ISNULL((SELECT ID FROM TB_USERS WHERE EMAIL = 'tiago@email.com'), NEWID());
DECLARE @userJuliana UNIQUEIDENTIFIER = ISNULL((SELECT ID FROM TB_USERS WHERE EMAIL = 'juliana@email.com'), NEWID());
DECLARE @userVinicius UNIQUEIDENTIFIER = ISNULL((SELECT ID FROM TB_USERS WHERE EMAIL = 'vinicius@email.com'), NEWID());
DECLARE @userLeticia UNIQUEIDENTIFIER = ISNULL((SELECT ID FROM TB_USERS WHERE EMAIL = 'leticia@email.com'), NEWID());
DECLARE @userGustavo UNIQUEIDENTIFIER = ISNULL((SELECT ID FROM TB_USERS WHERE EMAIL = 'gustavo@email.com'), NEWID());
DECLARE @userCamila UNIQUEIDENTIFIER = ISNULL((SELECT ID FROM TB_USERS WHERE EMAIL = 'camila@email.com'), NEWID());
DECLARE @userEduardo UNIQUEIDENTIFIER = ISNULL((SELECT ID FROM TB_USERS WHERE EMAIL = 'eduardo@email.com'), NEWID());
DECLARE @userLarissa UNIQUEIDENTIFIER = ISNULL((SELECT ID FROM TB_USERS WHERE EMAIL = 'larissa@email.com'), NEWID());
-- Variáveis de Pacotes (Iniciais + Novos)
DECLARE @pacNoronha UNIQUEIDENTIFIER = ISNULL((SELECT ID FROM TB_PACKAGES WHERE TITLE = 'Belezas de Noronha'), NEWID());
DECLARE @pacGramado UNIQUEIDENTIFIER = ISNULL((SELECT ID FROM TB_PACKAGES WHERE TITLE = 'Serra Gaúcha'), NEWID());
DECLARE @pacAmazonia UNIQUEIDENTIFIER = ISNULL((SELECT ID FROM TB_PACKAGES WHERE TITLE = 'Aventura na Amazônia'), NEWID());
DECLARE @pacRio UNIQUEIDENTIFIER = ISNULL((SELECT ID FROM TB_PACKAGES WHERE TITLE = 'Carnaval no Rio'), NEWID());
DECLARE @pacChapada UNIQUEIDENTIFIER = ISNULL((SELECT ID FROM TB_PACKAGES WHERE TITLE = 'Chapada Diamantina'), NEWID());
DECLARE @pacPantanal UNIQUEIDENTIFIER = ISNULL((SELECT ID FROM TB_PACKAGES WHERE TITLE = 'Expedição Pantanal'), NEWID());
DECLARE @pacBonito UNIQUEIDENTIFIER = ISNULL((SELECT ID FROM TB_PACKAGES WHERE TITLE = 'Mergulho em Bonito'), NEWID());
DECLARE @pacJalapao UNIQUEIDENTIFIER = ISNULL((SELECT ID FROM TB_PACKAGES WHERE TITLE = 'Tesouros do Jalapão'), NEWID());
DECLARE @pacFloripa UNIQUEIDENTIFIER = ISNULL((SELECT ID FROM TB_PACKAGES WHERE TITLE = 'Magia de Florianópolis'), NEWID());
DECLARE @pacOuroPreto UNIQUEIDENTIFIER = ISNULL((SELECT ID FROM TB_PACKAGES WHERE TITLE = 'História de Ouro Preto'), NEWID());
DECLARE @pacLençois UNIQUEIDENTIFIER = ISNULL((SELECT ID FROM TB_PACKAGES WHERE TITLE = 'Dunas dos Lençóis Maranhenses'), NEWID());
DECLARE @pacFozIguaçu UNIQUEIDENTIFIER = ISNULL((SELECT ID FROM TB_PACKAGES WHERE TITLE = 'Cataratas do Iguaçu'), NEWID());
DECLARE @pacBetoCarrero UNIQUEIDENTIFIER = ISNULL((SELECT ID FROM TB_PACKAGES WHERE TITLE = 'Diversão no Beto Carrero'), NEWID());
DECLARE @pacInhotim UNIQUEIDENTIFIER = ISNULL((SELECT ID FROM TB_PACKAGES WHERE TITLE = 'Arte em Inhotim'), NEWID());
DECLARE @pacCanionsSul UNIQUEIDENTIFIER = ISNULL((SELECT ID FROM TB_PACKAGES WHERE TITLE = 'Cânions do Sul'), NEWID());

-- ===================================================================
-- ===== BLOCO ÚNICO DE INSERÇÕES
-- ===================================================================

-- Inserção de todos os Usuários
IF NOT EXISTS (SELECT 1 FROM TB_USERS WHERE ID = @userAna) INSERT INTO TB_USERS (ID, NAME, EMAIL, PASSWORD, PHONE, BIRTHDATE) VALUES (@userAna, 'Ana Silva', 'ana@email.com', 'senha123456', '81999990001', '19900510');
IF NOT EXISTS (SELECT 1 FROM TB_USERS WHERE ID = @userCarlos) INSERT INTO TB_USERS (ID, NAME, EMAIL, PASSWORD, PHONE, BIRTHDATE) VALUES (@userCarlos, 'Carlos Souza', 'carlos@email.com', 'senha456789', '81999990002', '19850322');
IF NOT EXISTS (SELECT 1 FROM TB_USERS WHERE ID = @userMariana) INSERT INTO TB_USERS (ID, NAME, EMAIL, PASSWORD, PHONE, BIRTHDATE) VALUES (@userMariana, 'Mariana Lima', 'mariana@email.com', 'senha789123', '81999990003', '19921130');
IF NOT EXISTS (SELECT 1 FROM TB_USERS WHERE ID = @userJoao) INSERT INTO TB_USERS (ID, NAME, EMAIL, PASSWORD, PHONE, BIRTHDATE) VALUES (@userJoao, 'João Pedro', 'joao@email.com', 'senha321654', '81999990004', '19880618');
IF NOT EXISTS (SELECT 1 FROM TB_USERS WHERE ID = @userLuciana) INSERT INTO TB_USERS (ID, NAME, EMAIL, PASSWORD, PHONE, BIRTHDATE) VALUES (@userLuciana, 'Luciana Alves', 'luciana@email.com', 'senha654987', '81999990005', '19870101');
IF NOT EXISTS (SELECT 1 FROM TB_USERS WHERE ID = @userBruno) INSERT INTO TB_USERS (ID, NAME, EMAIL, PASSWORD, PHONE, BIRTHDATE) VALUES (@userBruno, 'Bruno Rocha', 'bruno@email.com', 'senha987321', '81999990006', '19910909');
IF NOT EXISTS (SELECT 1 FROM TB_USERS WHERE ID = @userFernanda) INSERT INTO TB_USERS (ID, NAME, EMAIL, PASSWORD, PHONE, BIRTHDATE) VALUES (@userFernanda, 'Fernanda Costa', 'fernanda@email.com', 'senhaabc123', '81999990007', '19890412');
IF NOT EXISTS (SELECT 1 FROM TB_USERS WHERE ID = @userRafael) INSERT INTO TB_USERS (ID, NAME, EMAIL, PASSWORD, PHONE, BIRTHDATE) VALUES (@userRafael, 'Rafael Mendes', 'rafael@email.com', 'senha10', '81988880010', '19950215');
IF NOT EXISTS (SELECT 1 FROM TB_USERS WHERE ID = @userBeatriz) INSERT INTO TB_USERS (ID, NAME, EMAIL, PASSWORD, PHONE, BIRTHDATE) VALUES (@userBeatriz, 'Beatriz Almeida', 'beatriz@email.com', 'senha11', '81988880011', '20001020');
IF NOT EXISTS (SELECT 1 FROM TB_USERS WHERE ID = @userTiago) INSERT INTO TB_USERS (ID, NAME, EMAIL, PASSWORD, PHONE, BIRTHDATE) VALUES (@userTiago, 'Tiago Barros', 'tiago@email.com', 'senha12', '81988880012', '19860707');
IF NOT EXISTS (SELECT 1 FROM TB_USERS WHERE ID = @userJuliana) INSERT INTO TB_USERS (ID, NAME, EMAIL, PASSWORD, PHONE, BIRTHDATE) VALUES (@userJuliana, 'Juliana Pinto', 'juliana@email.com', 'senha13', '81988880013', '19930312');
IF NOT EXISTS (SELECT 1 FROM TB_USERS WHERE ID = @userVinicius) INSERT INTO TB_USERS (ID, NAME, EMAIL, PASSWORD, PHONE, BIRTHDATE) VALUES (@userVinicius, 'Vinicius Ramos', 'vinicius@email.com', 'senha14', '81988880014', '19980801');
IF NOT EXISTS (SELECT 1 FROM TB_USERS WHERE ID = @userLeticia) INSERT INTO TB_USERS (ID, NAME, EMAIL, PASSWORD, PHONE, BIRTHDATE) VALUES (@userLeticia, 'Leticia Farias', 'leticia@email.com', 'senha15', '81988880015', '19990525');
IF NOT EXISTS (SELECT 1 FROM TB_USERS WHERE ID = @userGustavo) INSERT INTO TB_USERS (ID, NAME, EMAIL, PASSWORD, PHONE, BIRTHDATE) VALUES (@userGustavo, 'Gustavo Gomes', 'gustavo@email.com', 'senha16', '81988880016', '19891230');
IF NOT EXISTS (SELECT 1 FROM TB_USERS WHERE ID = @userCamila) INSERT INTO TB_USERS (ID, NAME, EMAIL, PASSWORD, PHONE, BIRTHDATE) VALUES (@userCamila, 'Camila Santos', 'camila@email.com', 'senha17', '81988880017', '19960418');
IF NOT EXISTS (SELECT 1 FROM TB_USERS WHERE ID = @userEduardo) INSERT INTO TB_USERS (ID, NAME, EMAIL, PASSWORD, PHONE, BIRTHDATE) VALUES (@userEduardo, 'Eduardo Pereira', 'eduardo@email.com', 'senha18', '81988880018', '19941103');
IF NOT EXISTS (SELECT 1 FROM TB_USERS WHERE ID = @userLarissa) INSERT INTO TB_USERS (ID, NAME, EMAIL, PASSWORD, PHONE, BIRTHDATE) VALUES (@userLarissa, 'Larissa Correia', 'larissa@email.com', 'senha19', '81988880019', '19970928');

-- Inserção de todos os Documentos
IF NOT EXISTS (SELECT 1 FROM TB_DOCUMENTS WHERE USER_ID = @userAna) INSERT INTO TB_DOCUMENTS (DOCUMENT_NUMBER, USER_ID, DOCUMENT_TYPE) VALUES ('12345678900', @userAna, 'CPF');
IF NOT EXISTS (SELECT 1 FROM TB_DOCUMENTS WHERE USER_ID = @userCarlos) INSERT INTO TB_DOCUMENTS (DOCUMENT_NUMBER, USER_ID, DOCUMENT_TYPE) VALUES ('98765432100', @userCarlos, 'CPF');
IF NOT EXISTS (SELECT 1 FROM TB_DOCUMENTS WHERE USER_ID = @userMariana) INSERT INTO TB_DOCUMENTS (DOCUMENT_NUMBER, USER_ID, DOCUMENT_TYPE) VALUES ('45678912300', @userMariana, 'CPF');
IF NOT EXISTS (SELECT 1 FROM TB_DOCUMENTS WHERE USER_ID = @userJoao) INSERT INTO TB_DOCUMENTS (DOCUMENT_NUMBER, USER_ID, DOCUMENT_TYPE) VALUES ('11223344556', @userJoao, 'CPF');
IF NOT EXISTS (SELECT 1 FROM TB_DOCUMENTS WHERE USER_ID = @userLuciana) INSERT INTO TB_DOCUMENTS (DOCUMENT_NUMBER, USER_ID, DOCUMENT_TYPE) VALUES ('66554433221', @userLuciana, 'CPF');
IF NOT EXISTS (SELECT 1 FROM TB_DOCUMENTS WHERE USER_ID = @userBruno) INSERT INTO TB_DOCUMENTS (DOCUMENT_NUMBER, USER_ID, DOCUMENT_TYPE) VALUES ('99887766554', @userBruno, 'CPF');
IF NOT EXISTS (SELECT 1 FROM TB_DOCUMENTS WHERE USER_ID = @userFernanda) INSERT INTO TB_DOCUMENTS (DOCUMENT_NUMBER, USER_ID, DOCUMENT_TYPE) VALUES ('33445566778', @userFernanda, 'CPF');
IF NOT EXISTS (SELECT 1 FROM TB_DOCUMENTS WHERE USER_ID = @userRafael) INSERT INTO TB_DOCUMENTS (DOCUMENT_NUMBER, USER_ID, DOCUMENT_TYPE) VALUES ('10101010101', @userRafael, 'CPF');
IF NOT EXISTS (SELECT 1 FROM TB_DOCUMENTS WHERE USER_ID = @userBeatriz) INSERT INTO TB_DOCUMENTS (DOCUMENT_NUMBER, USER_ID, DOCUMENT_TYPE) VALUES ('20202020202', @userBeatriz, 'CPF');
IF NOT EXISTS (SELECT 1 FROM TB_DOCUMENTS WHERE USER_ID = @userTiago) INSERT INTO TB_DOCUMENTS (DOCUMENT_NUMBER, USER_ID, DOCUMENT_TYPE) VALUES ('30303030303', @userTiago, 'CPF');
IF NOT EXISTS (SELECT 1 FROM TB_DOCUMENTS WHERE USER_ID = @userJuliana) INSERT INTO TB_DOCUMENTS (DOCUMENT_NUMBER, USER_ID, DOCUMENT_TYPE) VALUES ('40404040404', @userJuliana, 'CPF');
IF NOT EXISTS (SELECT 1 FROM TB_DOCUMENTS WHERE USER_ID = @userVinicius) INSERT INTO TB_DOCUMENTS (DOCUMENT_NUMBER, USER_ID, DOCUMENT_TYPE) VALUES ('50505050505', @userVinicius, 'CPF');
IF NOT EXISTS (SELECT 1 FROM TB_DOCUMENTS WHERE USER_ID = @userLeticia) INSERT INTO TB_DOCUMENTS (DOCUMENT_NUMBER, USER_ID, DOCUMENT_TYPE) VALUES ('60606060606', @userLeticia, 'CPF');
IF NOT EXISTS (SELECT 1 FROM TB_DOCUMENTS WHERE USER_ID = @userGustavo) INSERT INTO TB_DOCUMENTS (DOCUMENT_NUMBER, USER_ID, DOCUMENT_TYPE) VALUES ('70707070707', @userGustavo, 'CPF');
IF NOT EXISTS (SELECT 1 FROM TB_DOCUMENTS WHERE USER_ID = @userCamila) INSERT INTO TB_DOCUMENTS (DOCUMENT_NUMBER, USER_ID, DOCUMENT_TYPE) VALUES ('80808080808', @userCamila, 'CPF');
IF NOT EXISTS (SELECT 1 FROM TB_DOCUMENTS WHERE USER_ID = @userEduardo) INSERT INTO TB_DOCUMENTS (DOCUMENT_NUMBER, USER_ID, DOCUMENT_TYPE) VALUES ('90909090909', @userEduardo, 'CPF');
IF NOT EXISTS (SELECT 1 FROM TB_DOCUMENTS WHERE USER_ID = @userLarissa) INSERT INTO TB_DOCUMENTS (DOCUMENT_NUMBER, USER_ID, DOCUMENT_TYPE) VALUES ('12121212121', @userLarissa, 'CPF');

-- Inserção de todas as Roles
IF NOT EXISTS (SELECT 1 FROM TB_ROLES WHERE USER_ID = @userAna) INSERT INTO TB_ROLES (USER_ID, ROLE) VALUES (@userAna, 'CLIENT');
IF NOT EXISTS (SELECT 1 FROM TB_ROLES WHERE USER_ID = @userCarlos) INSERT INTO TB_ROLES (USER_ID, ROLE) VALUES (@userCarlos, 'ADMIN');
IF NOT EXISTS (SELECT 1 FROM TB_ROLES WHERE USER_ID = @userMariana) INSERT INTO TB_ROLES (USER_ID, ROLE) VALUES (@userMariana, 'CLIENT');
IF NOT EXISTS (SELECT 1 FROM TB_ROLES WHERE USER_ID = @userJoao) INSERT INTO TB_ROLES (USER_ID, ROLE) VALUES (@userJoao, 'CLIENT');
IF NOT EXISTS (SELECT 1 FROM TB_ROLES WHERE USER_ID = @userLuciana) INSERT INTO TB_ROLES (USER_ID, ROLE) VALUES (@userLuciana, 'CLIENT');
IF NOT EXISTS (SELECT 1 FROM TB_ROLES WHERE USER_ID = @userBruno) INSERT INTO TB_ROLES (USER_ID, ROLE) VALUES (@userBruno, 'CLIENT');
IF NOT EXISTS (SELECT 1 FROM TB_ROLES WHERE USER_ID = @userFernanda) INSERT INTO TB_ROLES (USER_ID, ROLE) VALUES (@userFernanda, 'CLIENT');
IF NOT EXISTS (SELECT 1 FROM TB_ROLES WHERE USER_ID = @userRafael) INSERT INTO TB_ROLES (USER_ID, ROLE) VALUES (@userRafael, 'CLIENT');
IF NOT EXISTS (SELECT 1 FROM TB_ROLES WHERE USER_ID = @userBeatriz) INSERT INTO TB_ROLES (USER_ID, ROLE) VALUES (@userBeatriz, 'CLIENT');
IF NOT EXISTS (SELECT 1 FROM TB_ROLES WHERE USER_ID = @userTiago) INSERT INTO TB_ROLES (USER_ID, ROLE) VALUES (@userTiago, 'CLIENT');
IF NOT EXISTS (SELECT 1 FROM TB_ROLES WHERE USER_ID = @userJuliana) INSERT INTO TB_ROLES (USER_ID, ROLE) VALUES (@userJuliana, 'CLIENT');
IF NOT EXISTS (SELECT 1 FROM TB_ROLES WHERE USER_ID = @userVinicius) INSERT INTO TB_ROLES (USER_ID, ROLE) VALUES (@userVinicius, 'CLIENT');
IF NOT EXISTS (SELECT 1 FROM TB_ROLES WHERE USER_ID = @userLeticia) INSERT INTO TB_ROLES (USER_ID, ROLE) VALUES (@userLeticia, 'CLIENT');
IF NOT EXISTS (SELECT 1 FROM TB_ROLES WHERE USER_ID = @userGustavo) INSERT INTO TB_ROLES (USER_ID, ROLE) VALUES (@userGustavo, 'CLIENT');
IF NOT EXISTS (SELECT 1 FROM TB_ROLES WHERE USER_ID = @userCamila) INSERT INTO TB_ROLES (USER_ID, ROLE) VALUES (@userCamila, 'CLIENT');
IF NOT EXISTS (SELECT 1 FROM TB_ROLES WHERE USER_ID = @userEduardo) INSERT INTO TB_ROLES (USER_ID, ROLE) VALUES (@userEduardo, 'CLIENT');
IF NOT EXISTS (SELECT 1 FROM TB_ROLES WHERE USER_ID = @userLarissa) INSERT INTO TB_ROLES (USER_ID, ROLE) VALUES (@userLarissa, 'CLIENT');

-- Inserção de todos os Pacotes
IF NOT EXISTS (SELECT 1 FROM TB_PACKAGES WHERE ID = @pacNoronha) INSERT INTO TB_PACKAGES (ID, TITLE, SOURCE, DESTINATION, DESCRIPTION, PRICE, TRAVELER_LIMIT, START_DATE, END_DATE) VALUES (@pacNoronha, 'Belezas de Noronha', 'Recife', 'Fernando de Noronha', 'Mergulho e praias paradisíacas', 4500.00, 10, '20240610', '20240617');
IF NOT EXISTS (SELECT 1 FROM TB_PACKAGES WHERE ID = @pacGramado) INSERT INTO TB_PACKAGES (ID, TITLE, SOURCE, DESTINATION, DESCRIPTION, PRICE, TRAVELER_LIMIT, START_DATE, END_DATE) VALUES (@pacGramado, 'Serra Gaúcha', 'Porto Alegre', 'Gramado', 'Pacote romântico com fondue e vinícolas', 2000.00, 6, '20250910', '20250915');
IF NOT EXISTS (SELECT 1 FROM TB_PACKAGES WHERE ID = @pacAmazonia) INSERT INTO TB_PACKAGES (ID, TITLE, SOURCE, DESTINATION, DESCRIPTION, PRICE, TRAVELER_LIMIT, START_DATE, END_DATE) VALUES (@pacAmazonia, 'Aventura na Amazônia', 'Manaus', 'Floresta Amazônica', 'Trilha e passeio de barco no Rio Negro', 2500.00, 8, '20251005', '20251012');
IF NOT EXISTS (SELECT 1 FROM TB_PACKAGES WHERE ID = @pacRio) INSERT INTO TB_PACKAGES (ID, TITLE, SOURCE, DESTINATION, DESCRIPTION, PRICE, TRAVELER_LIMIT, START_DATE, END_DATE) VALUES (@pacRio, 'Carnaval no Rio', 'São Paulo', 'Rio de Janeiro', 'Pacote para o carnaval com acesso ao sambódromo', 3500.00, 20, '20260220', '20260227');
IF NOT EXISTS (SELECT 1 FROM TB_PACKAGES WHERE ID = @pacChapada) INSERT INTO TB_PACKAGES (ID, TITLE, SOURCE, DESTINATION, DESCRIPTION, PRICE, TRAVELER_LIMIT, START_DATE, END_DATE) VALUES (@pacChapada, 'Chapada Diamantina', 'Salvador', 'Lençóis', 'Trilhas e cachoeiras na Chapada', 1800.00, 12, '20251101', '20251107');
IF NOT EXISTS (SELECT 1 FROM TB_PACKAGES WHERE ID = @pacPantanal) INSERT INTO TB_PACKAGES (ID, TITLE, SOURCE, DESTINATION, DESCRIPTION, PRICE, TRAVELER_LIMIT, START_DATE, END_DATE) VALUES (@pacPantanal, 'Expedição Pantanal', 'Campo Grande', 'Pantanal', 'Safári fotográfico e observação de vida selvagem.', 3200.00, 10, '20240810', '20240816');
IF NOT EXISTS (SELECT 1 FROM TB_PACKAGES WHERE ID = @pacBonito) INSERT INTO TB_PACKAGES (ID, TITLE, SOURCE, DESTINATION, DESCRIPTION, PRICE, TRAVELER_LIMIT, START_DATE, END_DATE) VALUES (@pacBonito, 'Mergulho em Bonito', 'Campo Grande', 'Bonito', 'Flutuação em rios de águas cristalinas.', 2800.00, 8, '20240905', '20240910');
IF NOT EXISTS (SELECT 1 FROM TB_PACKAGES WHERE ID = @pacJalapao) INSERT INTO TB_PACKAGES (ID, TITLE, SOURCE, DESTINATION, DESCRIPTION, PRICE, TRAVELER_LIMIT, START_DATE, END_DATE) VALUES (@pacJalapao, 'Tesouros do Jalapão', 'Palmas', 'Jalapão', 'Dunas, fervedouros e cachoeiras.', 3800.00, 6, '20241001', '20241007');
IF NOT EXISTS (SELECT 1 FROM TB_PACKAGES WHERE ID = @pacOuroPreto) INSERT INTO TB_PACKAGES (ID, TITLE, SOURCE, DESTINATION, DESCRIPTION, PRICE, TRAVELER_LIMIT, START_DATE, END_DATE) VALUES (@pacOuroPreto, 'História de Ouro Preto', 'Belo Horizonte', 'Ouro Preto', 'Viagem cultural pelas cidades históricas de Minas.', 1500.00, 15, '20250120', '20250125');
IF NOT EXISTS (SELECT 1 FROM TB_PACKAGES WHERE ID = @pacInhotim) INSERT INTO TB_PACKAGES (ID, TITLE, SOURCE, DESTINATION, DESCRIPTION, PRICE, TRAVELER_LIMIT, START_DATE, END_DATE) VALUES (@pacInhotim, 'Arte em Inhotim', 'Belo Horizonte', 'Brumadinho', 'Visita ao maior museu a céu aberto do mundo.', 1200.00, 20, '20250515', '20250518');
IF NOT EXISTS (SELECT 1 FROM TB_PACKAGES WHERE ID = @pacFloripa) INSERT INTO TB_PACKAGES (ID, TITLE, SOURCE, DESTINATION, DESCRIPTION, PRICE, TRAVELER_LIMIT, START_DATE, END_DATE) VALUES (@pacFloripa, 'Magia de Florianópolis', 'Curitiba', 'Florianópolis', 'Praias, dunas e vida noturna agitada.', 1900.00, 12, '20260110', '20260117');
IF NOT EXISTS (SELECT 1 FROM TB_PACKAGES WHERE ID = @pacLençois) INSERT INTO TB_PACKAGES (ID, TITLE, SOURCE, DESTINATION, DESCRIPTION, PRICE, TRAVELER_LIMIT, START_DATE, END_DATE) VALUES (@pacLençois, 'Dunas dos Lençóis Maranhenses', 'São Luís', 'Barreirinhas', 'Caminhada pelas dunas e banho nas lagoas.', 4100.00, 10, '20260715', '20260722');
IF NOT EXISTS (SELECT 1 FROM TB_PACKAGES WHERE ID = @pacFozIguaçu) INSERT INTO TB_PACKAGES (ID, TITLE, SOURCE, DESTINATION, DESCRIPTION, PRICE, TRAVELER_LIMIT, START_DATE, END_DATE) VALUES (@pacFozIguaçu, 'Cataratas do Iguaçu', 'Curitiba', 'Foz do Iguaçu', 'Visita aos lados brasileiro e argentino das cataratas.', 2300.00, 18, '20260401', '20260405');
IF NOT EXISTS (SELECT 1 FROM TB_PACKAGES WHERE ID = @pacBetoCarrero) INSERT INTO TB_PACKAGES (ID, TITLE, SOURCE, DESTINATION, DESCRIPTION, PRICE, TRAVELER_LIMIT, START_DATE, END_DATE) VALUES (@pacBetoCarrero, 'Diversão no Beto Carrero', 'Florianópolis', 'Penha', 'Dois dias de diversão no maior parque temático da América Latina.', 1750.00, 25, '20260310', '20260313');
IF NOT EXISTS (SELECT 1 FROM TB_PACKAGES WHERE ID = @pacCanionsSul) INSERT INTO TB_PACKAGES (ID, TITLE, SOURCE, DESTINATION, DESCRIPTION, PRICE, TRAVELER_LIMIT, START_DATE, END_DATE) VALUES (@pacCanionsSul, 'Cânions do Sul', 'Porto Alegre', 'Cambará do Sul', 'Trilhas pelos cânions Itaimbezinho e Fortaleza.', 2950.00, 8, '20260520', '20260525');

-- Inserção de todos os Cenários de Reserva
DECLARE @resNoronha UNIQUEIDENTIFIER = NEWID();
IF NOT EXISTS (SELECT 1 FROM TB_BOOKINGS WHERE USER_ID = @userAna AND PACKAGE_ID = @pacNoronha) BEGIN INSERT INTO TB_BOOKINGS (ID, USER_ID, PACKAGE_ID, TOTAL_PRICE, TRAVEL_DATE, BOOKING_DATE, BOOKING_STATUS) VALUES (@resNoronha, @userAna, @pacNoronha, 9000.00, '20240610', '20240301', 'CONFIRMED'); INSERT INTO TB_PAYMENTS (BOOKING_ID, METHOD, AMOUNT, PAYMENT_DATE, PAYMENT_STATUS) VALUES (@resNoronha, 'CREDIT', 9000.00, '20240301', 'APPROVED'); INSERT INTO TB_TRAVELERS (BOOKING_ID, NAME, DOCUMENT_NUMBER, BIRTHDATE) VALUES (@resNoronha, 'Ana Silva', '12345678900', '19900510'), (@resNoronha, 'Mario Andrade', '11122233344', '19880720'); INSERT INTO TB_REVIEWS (BOOKING_ID, RATING, COMMENT) VALUES (@resNoronha, 5, 'Viagem maravilhosa! Noronha é incrível e a organização foi perfeita.'); END
DECLARE @resGramado UNIQUEIDENTIFIER = NEWID();
IF NOT EXISTS (SELECT 1 FROM TB_BOOKINGS WHERE USER_ID = @userMariana AND PACKAGE_ID = @pacGramado) BEGIN INSERT INTO TB_BOOKINGS (ID, USER_ID, PACKAGE_ID, TOTAL_PRICE, TRAVEL_DATE, BOOKING_DATE, BOOKING_STATUS) VALUES (@resGramado, @userMariana, @pacGramado, 2000.00, '20250910', GETDATE()-5, 'CANCELLED'); INSERT INTO TB_PAYMENTS (BOOKING_ID, METHOD, AMOUNT, PAYMENT_DATE, PAYMENT_STATUS) VALUES (@resGramado, 'PIX', 2000.00, GETDATE()-5, 'REFUNDED'); INSERT INTO TB_TRAVELERS (BOOKING_ID, NAME, DOCUMENT_NUMBER, BIRTHDATE) VALUES (@resGramado, 'Mariana Lima', '45678912300', '19921130'); END
DECLARE @resAmazonia UNIQUEIDENTIFIER = NEWID();
IF NOT EXISTS (SELECT 1 FROM TB_BOOKINGS WHERE USER_ID = @userJoao AND PACKAGE_ID = @pacAmazonia) BEGIN INSERT INTO TB_BOOKINGS (ID, USER_ID, PACKAGE_ID, TOTAL_PRICE, TRAVEL_DATE, BOOKING_DATE, BOOKING_STATUS) VALUES (@resAmazonia, @userJoao, @pacAmazonia, 2500.00, '20251005', GETDATE()-2, 'PENDING'); INSERT INTO TB_PAYMENTS (BOOKING_ID, METHOD, AMOUNT, PAYMENT_DATE, PAYMENT_STATUS) VALUES (@resAmazonia, 'BOLETO', 2500.00, GETDATE()-2, 'PENDING'); INSERT INTO TB_TRAVELERS (BOOKING_ID, NAME, DOCUMENT_NUMBER, BIRTHDATE) VALUES (@resAmazonia, 'João Pedro', '11223344556', '19880618'); END
DECLARE @resRio UNIQUEIDENTIFIER = NEWID();
IF NOT EXISTS (SELECT 1 FROM TB_BOOKINGS WHERE USER_ID = @userLuciana AND PACKAGE_ID = @pacRio) BEGIN INSERT INTO TB_BOOKINGS (ID, USER_ID, PACKAGE_ID, TOTAL_PRICE, TRAVEL_DATE, BOOKING_DATE, BOOKING_STATUS) VALUES (@resRio, @userLuciana, @pacRio, 7000.00, '20260220', GETDATE()-1, 'REJECTED'); INSERT INTO TB_PAYMENTS (BOOKING_ID, METHOD, AMOUNT, PAYMENT_DATE, PAYMENT_STATUS) VALUES (@resRio, 'CREDIT', 7000.00, GETDATE()-1, 'REJECTED'); INSERT INTO TB_TRAVELERS (BOOKING_ID, NAME, DOCUMENT_NUMBER, BIRTHDATE) VALUES (@resRio, 'Luciana Alves', '66554433221', '19870101'); END
DECLARE @resChapada UNIQUEIDENTIFIER = NEWID();
IF NOT EXISTS (SELECT 1 FROM TB_BOOKINGS WHERE USER_ID = @userBruno AND PACKAGE_ID = @pacChapada) BEGIN INSERT INTO TB_BOOKINGS (ID, USER_ID, PACKAGE_ID, TOTAL_PRICE, TRAVEL_DATE, BOOKING_DATE, BOOKING_STATUS) VALUES (@resChapada, @userBruno, @pacChapada, 5400.00, '20251101', GETDATE()-10, 'CONFIRMED'); INSERT INTO TB_PAYMENTS (BOOKING_ID, METHOD, AMOUNT, PAYMENT_DATE, PAYMENT_STATUS) VALUES (@resChapada, 'DEBIT', 5400.00, GETDATE()-10, 'APPROVED'); INSERT INTO TB_TRAVELERS (BOOKING_ID, NAME, DOCUMENT_NUMBER, BIRTHDATE) VALUES (@resChapada, 'Bruno Rocha', '99887766554', '19910909'), (@resChapada, 'Fernanda Costa', '33445566778', '19890412'), (@resChapada, 'Pedro Costa', '55566677788', '20150225'); INSERT INTO TB_REVIEWS (BOOKING_ID, RATING, COMMENT) VALUES (@resChapada, 4, 'A Chapada é linda, mas o guia poderia ser mais experiente.'); END
DECLARE @resPantanal UNIQUEIDENTIFIER = NEWID();
IF NOT EXISTS (SELECT 1 FROM TB_BOOKINGS WHERE USER_ID = @userRafael AND PACKAGE_ID = @pacPantanal) BEGIN INSERT INTO TB_BOOKINGS (ID, USER_ID, PACKAGE_ID, TOTAL_PRICE, TRAVEL_DATE, BOOKING_DATE, BOOKING_STATUS) VALUES (@resPantanal, @userRafael, @pacPantanal, 6400.00, '20240810', '20240601', 'CONFIRMED'); INSERT INTO TB_PAYMENTS (BOOKING_ID, METHOD, AMOUNT, PAYMENT_DATE, PAYMENT_STATUS) VALUES (@resPantanal, 'CREDIT', 6400.00, '20240601', 'APPROVED'); INSERT INTO TB_TRAVELERS (BOOKING_ID, NAME, DOCUMENT_NUMBER, BIRTHDATE) VALUES (@resPantanal, 'Rafael Mendes', '10101010101', '19950215'), (@resPantanal, 'Alice Mendes', '11221122112', '19960320'); INSERT INTO TB_REVIEWS (BOOKING_ID, RATING, COMMENT) VALUES (@resPantanal, 5, 'O Pantanal é espetacular! Vimos muitas araras e jacarés. Recomendo!'); END
DECLARE @resBonito UNIQUEIDENTIFIER = NEWID();
IF NOT EXISTS (SELECT 1 FROM TB_BOOKINGS WHERE USER_ID = @userAna AND PACKAGE_ID = @pacBonito) BEGIN INSERT INTO TB_BOOKINGS (ID, USER_ID, PACKAGE_ID, TOTAL_PRICE, TRAVEL_DATE, BOOKING_DATE, BOOKING_STATUS) VALUES (@resBonito, @userAna, @pacBonito, 2800.00, '20240905', '20240715', 'CONFIRMED'); INSERT INTO TB_PAYMENTS (BOOKING_ID, METHOD, AMOUNT, PAYMENT_DATE, PAYMENT_STATUS) VALUES (@resBonito, 'PIX', 2800.00, '20240715', 'APPROVED'); INSERT INTO TB_TRAVELERS (BOOKING_ID, NAME, DOCUMENT_NUMBER, BIRTHDATE) VALUES (@resBonito, 'Ana Silva', '12345678900', '19900510'); INSERT INTO TB_REVIEWS (BOOKING_ID, RATING, COMMENT) VALUES (@resBonito, 4, 'Bonito faz jus ao nome, mas achei os passeios um pouco caros.'); END
DECLARE @resFloripa UNIQUEIDENTIFIER = NEWID();
IF NOT EXISTS (SELECT 1 FROM TB_BOOKINGS WHERE USER_ID = @userBeatriz AND PACKAGE_ID = @pacFloripa) BEGIN INSERT INTO TB_BOOKINGS (ID, USER_ID, PACKAGE_ID, TOTAL_PRICE, TRAVEL_DATE, BOOKING_DATE, BOOKING_STATUS) VALUES (@resFloripa, @userBeatriz, @pacFloripa, 1900.00, '20260110', GETDATE()-20, 'CANCELLED'); INSERT INTO TB_PAYMENTS (BOOKING_ID, METHOD, AMOUNT, PAYMENT_DATE, PAYMENT_STATUS) VALUES (@resFloripa, 'DEBIT', 1900.00, GETDATE()-20, 'REFUNDED'); INSERT INTO TB_TRAVELERS (BOOKING_ID, NAME, DOCUMENT_NUMBER, BIRTHDATE) VALUES (@resFloripa, 'Beatriz Almeida', '20202020202', '20001020'); END
DECLARE @resFozIguaçu UNIQUEIDENTIFIER = NEWID();
IF NOT EXISTS (SELECT 1 FROM TB_BOOKINGS WHERE USER_ID = @userTiago AND PACKAGE_ID = @pacFozIguaçu) BEGIN INSERT INTO TB_BOOKINGS (ID, USER_ID, PACKAGE_ID, TOTAL_PRICE, TRAVEL_DATE, BOOKING_DATE, BOOKING_STATUS) VALUES (@resFozIguaçu, @userTiago, @pacFozIguaçu, 4600.00, '20260401', GETDATE()-1, 'PENDING'); INSERT INTO TB_PAYMENTS (BOOKING_ID, METHOD, AMOUNT, PAYMENT_DATE, PAYMENT_STATUS) VALUES (@resFozIguaçu, 'BOLETO', 4600.00, GETDATE()-1, 'PENDING'); INSERT INTO TB_TRAVELERS (BOOKING_ID, NAME, DOCUMENT_NUMBER, BIRTHDATE) VALUES (@resFozIguaçu, 'Tiago Barros', '30303030303', '19860707'), (@resFozIguaçu, 'Sofia Barros', '31313131313', '19870101'); END
DECLARE @resLençois UNIQUEIDENTIFIER = NEWID();
IF NOT EXISTS (SELECT 1 FROM TB_BOOKINGS WHERE USER_ID = @userJuliana AND PACKAGE_ID = @pacLençois) BEGIN INSERT INTO TB_BOOKINGS (ID, USER_ID, PACKAGE_ID, TOTAL_PRICE, TRAVEL_DATE, BOOKING_DATE, BOOKING_STATUS) VALUES (@resLençois, @userJuliana, @pacLençois, 4100.00, '20260715', GETDATE(), 'REJECTED'); INSERT INTO TB_PAYMENTS (BOOKING_ID, METHOD, AMOUNT, PAYMENT_DATE, PAYMENT_STATUS) VALUES (@resLençois, 'CREDIT', 4100.00, GETDATE(), 'REJECTED'); END
DECLARE @resBetoCarrero UNIQUEIDENTIFIER = NEWID();
IF NOT EXISTS (SELECT 1 FROM TB_BOOKINGS WHERE USER_ID = @userVinicius AND PACKAGE_ID = @pacBetoCarrero) BEGIN INSERT INTO TB_BOOKINGS (ID, USER_ID, PACKAGE_ID, TOTAL_PRICE, TRAVEL_DATE, BOOKING_DATE, BOOKING_STATUS) VALUES (@resBetoCarrero, @userVinicius, @pacBetoCarrero, 7000.00, '20260310', GETDATE()-30, 'CONFIRMED'); INSERT INTO TB_PAYMENTS (BOOKING_ID, METHOD, AMOUNT, PAYMENT_DATE, PAYMENT_STATUS) VALUES (@resBetoCarrero, 'PIX', 7000.00, GETDATE()-30, 'APPROVED'); INSERT INTO TB_TRAVELERS (BOOKING_ID, NAME, DOCUMENT_NUMBER, BIRTHDATE) VALUES (@resBetoCarrero, 'Vinicius Ramos', '50505050505', '19980801'), (@resBetoCarrero, 'Leticia Farias', '60606060606', '19990525'), (@resBetoCarrero, 'Gustavo Gomes', '70707070707', '19891230'), (@resBetoCarrero, 'Camila Santos', '80808080808', '19960418'); END
DECLARE @resJalapao UNIQUEIDENTIFIER = NEWID();
IF NOT EXISTS (SELECT 1 FROM TB_BOOKINGS WHERE USER_ID = @userEduardo AND PACKAGE_ID = @pacJalapao) BEGIN INSERT INTO TB_BOOKINGS (ID, USER_ID, PACKAGE_ID, TOTAL_PRICE, TRAVEL_DATE, BOOKING_DATE, BOOKING_STATUS) VALUES (@resJalapao, @userEduardo, @pacJalapao, 3800.00, '20241001', '20240820', 'CONFIRMED'); INSERT INTO TB_PAYMENTS (BOOKING_ID, METHOD, AMOUNT, PAYMENT_DATE, PAYMENT_STATUS) VALUES (@resJalapao, 'DEBIT', 3800.00, '20240820', 'APPROVED'); INSERT INTO TB_TRAVELERS (BOOKING_ID, NAME, DOCUMENT_NUMBER, BIRTHDATE) VALUES (@resJalapao, 'Eduardo Pereira', '90909090909', '19941103'); INSERT INTO TB_REVIEWS (BOOKING_ID, RATING, COMMENT) VALUES (@resJalapao, 2, 'Lugar bonito, mas a estrutura das pousadas era fraca e o guia pouco experiente. Não valeu o preço.'); END
DECLARE @resOuroPreto UNIQUEIDENTIFIER = NEWID();
IF NOT EXISTS (SELECT 1 FROM TB_BOOKINGS WHERE USER_ID = @userBruno AND PACKAGE_ID = @pacOuroPreto) BEGIN INSERT INTO TB_BOOKINGS (ID, USER_ID, PACKAGE_ID, TOTAL_PRICE, TRAVEL_DATE, BOOKING_DATE, BOOKING_STATUS) VALUES (@resOuroPreto, @userBruno, @pacOuroPreto, 1500.00, '20250120', '20241201', 'CONFIRMED'); INSERT INTO TB_PAYMENTS (BOOKING_ID, METHOD, AMOUNT, PAYMENT_DATE, PAYMENT_STATUS) VALUES (@resOuroPreto, 'BOLETO', 1500.00, '20241202', 'APPROVED'); INSERT INTO TB_TRAVELERS (BOOKING_ID, NAME, DOCUMENT_NUMBER, BIRTHDATE) VALUES (@resOuroPreto, 'Bruno Rocha', '99887766554', '19910909'); INSERT INTO TB_REVIEWS (BOOKING_ID, RATING, COMMENT) VALUES (@resOuroPreto, 5, 'Uma verdadeira aula de história. Comida mineira excelente. Adorei!'); END
DECLARE @resCanionsSul UNIQUEIDENTIFIER = NEWID();
IF NOT EXISTS (SELECT 1 FROM TB_BOOKINGS WHERE USER_ID = @userLarissa AND PACKAGE_ID = @pacCanionsSul) BEGIN INSERT INTO TB_BOOKINGS (ID, USER_ID, PACKAGE_ID, TOTAL_PRICE, TRAVEL_DATE, BOOKING_DATE, BOOKING_STATUS) VALUES (@resCanionsSul, @userLarissa, @pacCanionsSul, 2950.00, '20260520', GETDATE()-15, 'CONFIRMED'); INSERT INTO TB_PAYMENTS (BOOKING_ID, METHOD, AMOUNT, PAYMENT_DATE, PAYMENT_STATUS) VALUES (@resCanionsSul, 'CREDIT', 2950.00, GETDATE()-15, 'APPROVED'); INSERT INTO TB_TRAVELERS (BOOKING_ID, NAME, DOCUMENT_NUMBER, BIRTHDATE) VALUES (@resCanionsSul, 'Larissa Correia', '12121212121', '19970928'); END
DECLARE @resInhotim UNIQUEIDENTIFIER = NEWID();
IF NOT EXISTS (SELECT 1 FROM TB_BOOKINGS WHERE USER_ID = @userFernanda AND PACKAGE_ID = @pacInhotim) BEGIN INSERT INTO TB_BOOKINGS (ID, USER_ID, PACKAGE_ID, TOTAL_PRICE, TRAVEL_DATE, BOOKING_DATE, BOOKING_STATUS) VALUES (@resInhotim, @userFernanda, @pacInhotim, 2400.00, '20250515', '20250310', 'CONFIRMED'); INSERT INTO TB_PAYMENTS (BOOKING_ID, METHOD, AMOUNT, PAYMENT_DATE, PAYMENT_STATUS) VALUES (@resInhotim, 'PIX', 2400.00, '20250310', 'APPROVED'); INSERT INTO TB_TRAVELERS (BOOKING_ID, NAME, DOCUMENT_NUMBER, BIRTHDATE) VALUES (@resInhotim, 'Fernanda Costa', '33445566778', '19890412'), (@resInhotim, 'Carlos Souza', '98765432100', '19850322'); INSERT INTO TB_REVIEWS (BOOKING_ID, RATING, COMMENT) VALUES (@resInhotim, 5, 'Inhotim é um lugar mágico. A mistura de arte e natureza é surreal. Precisa de pelo menos 2 dias para ver tudo.'); END
GO